gene_id,symbol
67367,1810007M14Rik
66526,2210012G02Rik
66618,2610209M04Rik
66308,2810021B07Rik
76022,5830417I10Rik
245695,A630018P17Rik
106894,A630042L21Rik
56321,Aatf
11350,Abl1
30946,Abt1
80283,Abtb1
11538,Adnp
240442,Adnp2
11568,Aebp1
11569,Aebp2
14797,Aes
17355,Aff1
16764,Aff3
93736,Aff4
226747,Ahctf1
11622,Ahr
11632,Aip
11634,Aire
216285,Alx1
11694,Alx3
11695,Alx4
68558,Ankra2
107765,Ankrd1
102334,Ankrd10
56642,Ankrd2
52024,Ankrd22
105377,Ankrd32
208258,Ankrd33
73845,Ankrd42
73844,Ankrd45
56503,Ankrd49
319196,Ankrd5
223690,Ankrd54
77318,Ankrd55
268301,Ankrd57
140577,Ankrd6
75196,Ankrd7
224650,Anks1
72615,Anks3
52231,Ankzf1
11785,Apbb1
11787,Apbb2
11789,Apc
11792,Apex1
11835,Ar
93760,Arid1a
239985,Arid1b
13496,Arid3a
56380,Arid3b
238247,Arid4a
94246,Arid4b
71371,Arid5b
11863,Arnt
11864,Arnt2
11865,Arntl
272322,Arntl2
11878,Arx
65247,Asb1
117590,Asb10
68854,Asb11
70392,Asb12
78910,Asb15
65257,Asb3
65255,Asb4
72323,Asb6
78541,Asb8
69299,Asb9
69090,Ascc1
75452,Ascc2
77987,Ascc3
17172,Ascl1
17173,Ascl2
56787,Ascl3
192195,Ash1l
23808,Ash2l
228790,Asxl1
11908,Atf1
11909,Atf2
11910,Atf3
11911,Atf4
107503,Atf5
226641,Atf6
223922,Atf7
54343,Atf7ip
11920,Atm
11921,Atoh1
330361,AW146020
12013,Bach1
12021,Bard1
54422,Barhl1
104382,Barhl2
12022,Barx1
12023,Barx2
53314,Batf
381319,Batf3
217578,Baz1a
22385,Baz1b
407823,Baz2b
70508,Bbx
229003,BC006779
381067,BC043476
237775,BC050078
408062,BC062115
434178,BC063263
271887,BC066135
14025,Bcl11a
58208,Bcl11b
12051,Bcl3
12053,Bcl6
12029,Bcl6b
72567,Bclaf1
71458,Bcor
544971,Bdp1
20893,Bhlhb2
79362,Bhlhb3
17341,Bhlhb8
30948,Bin1
66352,Blzf1
12151,Bmi1
12173,Bnc1
69168,Bola1
654483,BOLA2B
12189,Brca1
12190,Brca2
26992,Brd7
114642,Brdt
72308,Brf1
237911,Brip1
78783,Brpf1
268936,Brpf3
93871,Brwd1
107182,Btaf1
74007,Btbd11
218490,Btf3
12226,Btg1
12227,Btg2
112415,C030039L03Rik
217653,C79407
19777,C80913
67488,Calcoco1
241066,Carf
69743,Casz1
12396,Cbfa2t2
12398,Cbfa2t3
12400,Cbfb
12417,Cbx3
12418,Cbx4
494448,Cbx6
52609,Cbx7
30951,Cbx8
12457,Ccrn4l
71702,Cdc5l
12590,Cdx1
12591,Cdx2
12592,Cdx4
12606,Cebpa
12608,Cebpb
12609,Cebpd
110794,Cebpe
12611,Cebpg
12607,Cebpz
12616,Cenpb
60411,Cenpk
213990,Centg3
27221,Chaf1a
12648,Chd1
244059,Chd2
107932,Chd4
269610,Chd5
320790,Chd7
67772,Chd8
211151,Churc1
71722,Cic
12265,Ciita
12705,Cited1
17684,Cited2
56222,Cited4
12753,Clock
12785,Cnbp
72068,Cnot2
232791,Cnot3
104625,Cnot6
231464,Cnot6l
18983,Cnot7
69125,Cnot8
58202,Cobra1
12812,Coil
12848,Cops2
26754,Cops5
12904,Crabp2
57354,Cramp1l
12912,Creb1
12913,Creb3
26427,Creb3l1
208677,Creb3l3
78284,Creb3l4
12914,Crebbp
12915,Crebl1
232430,Crebl2
233490,Crebzf
433375,Creg1
382056,Crtc1
12951,Crx
12952,Cry1
56449,Csda
105859,Csdc2
229663,Csde1
13008,Csrp2
13009,Csrp3
13016,Ctbp1
13018,Ctcf
664799,Ctcfl
67655,Ctdp1
69274,Ctdspl
12387,Ctnnb1
67087,Ctnnbip1
66642,Ctnnbl1
22083,Ctr9
13047,Cux1
13048,Cux2
74322,Cxxc1
234358,D10627
13132,Dab2
13134,Dach1
93837,Dach2
13163,Daxx
23994,Dazap2
13170,Dbp
75901,Dcp1a
13194,Ddb1
107986,Ddb2
13198,Ddit3
53975,Ddx20
13207,Ddx5
71990,Ddx54
54006,Deaf1
21945,Dedd
67379,Dedd2
110052,Dek
102442,Dennd4a
64340,Dhx38
23856,Dido1
208440,Dip2c
13390,Dlx1
13392,Dlx2
13393,Dlx3
13394,Dlx4
13395,Dlx5
66233,Dmap1
140477,Dmbx1
50796,Dmrt1
226049,Dmrt2
240590,Dmrt3
242523,Dmrta1
56296,Dmrtb1
71241,Dmrtc2
23857,Dmtf1
22791,Dnajc2
13433,Dnmt1
13435,Dnmt3a
54427,Dnmt3l
208266,Dot1l
29861,Dpf1
19708,Dpf2
70127,Dpf3
13486,Dr1
66556,Drap1
14357,Dtx1
623474,E130016E03Rik
13555,E2f1
242705,E2f2
13557,E2f3
104394,E2f4
13559,E2f5
50496,E2f6
108961,E2f8
13560,E4f1
74427,Eaf1
13591,Ebf1
13592,Ebf2
13593,Ebf3
228598,Ebf4
70601,Ecd
59022,Edf1
13626,Eed
433182,EG433182
434373,EG434373
633752,EG633752
667823,EG667823
13653,Egr1
13654,Egr2
13655,Egr3
13656,Egr4
13661,Ehf
77683,Ehmt1
110147,Ehmt2
19106,Eif2ak2
226982,Eif5b
15569,Elavl2
13709,Elf1
69257,Elf2
13710,Elf3
56501,Elf4
13711,Elf5
13712,Elk1
13713,Elk3
13714,Elk4
13716,Ell
192657,Ell2
269344,Ell3
13796,Emx1
13797,Emx2
13798,En1
13799,En2
100043740,ENSMUSG00000068659
100043714,ENSMUSG00000074846
13813,Eomes
328572,Ep300
75560,Ep400
13819,Epas1
13831,Epc1
13871,Ercc2
13872,Ercc3
319955,Ercc6
71991,Ercc8
13875,Erf
13876,Erg
105988,Espl1
13982,Esr1
13983,Esr2
26379,Esrra
26380,Esrrb
26381,Esrrg
13984,Esx1
23871,Ets1
23872,Ets2
14009,Etv1
14008,Etv2
18612,Etv4
104156,Etv5
14011,Etv6
14013,Evi1
14028,Evx1
14030,Ewsr1
14049,Eya2
14050,Eya3
14051,Eya4
14055,Ezh1
14056,Ezh2
69169,Faim3
66930,Fank1
30841,Fbxl10
225876,Fbxl11
233902,Fbxl19
69754,Fbxo7
260298,Fev
14200,Fhl2
57756,Fhl5
26910,Figla
23877,Fiz1
14247,Fli1
14265,Fmr1
14281,Fos
14282,Fosb
14283,Fosl1
14284,Fosl2
15375,Foxa1
15376,Foxa2
15377,Foxa3
64290,Foxb1
17300,Foxc1
14234,Foxc2
15229,Foxd1
17301,Foxd2
15221,Foxd3
14237,Foxd4
653404,FOXD4L6
110805,Foxe1
30923,Foxe3
15227,Foxf1a
14238,Foxf2
15228,Foxg1
14106,Foxh1
14233,Foxi1
15223,Foxj1
60611,Foxj2
230700,Foxj3
68837,Foxk2
14241,Foxl1
26927,Foxl2
14235,Foxm1
15218,Foxn1
14236,Foxn2
71375,Foxn3
116810,Foxn4
56458,Foxo1
56484,Foxo3a
54601,Foxo4
108655,Foxp1
114142,Foxp2
20371,Foxp3
74123,Foxp4
15220,Foxq1
14239,Foxs1
51886,Fubp1
320267,Fubp3
233908,Fus
14359,Fxr1
23879,Fxr2
14390,Gabpa
14391,Gabpb1
14460,Gata1
14461,Gata2
14462,Gata3
14463,Gata4
14464,Gata5
14465,Gata6
67210,Gatad1
234366,Gatad2a
229542,Gatad2b
14472,Gbx2
14531,Gcm1
107889,Gcm2
14581,Gfi1
14582,Gfi1b
14632,Gli1
14633,Gli2
14634,Gli3
230587,Glis1
83396,Glis2
226075,Glis3
100041979,Gm3604
56809,Gmeb1
229004,Gmeb2
195733,Grhl1
232906,Grlf1
14836,Gsc
195333,Gsc2
14842,Gsx1
14843,Gsx2
83602,Gtf2a1
71828,Gtf2a1l
235459,Gtf2a2
229906,Gtf2b
74197,Gtf2e1
68153,Gtf2e2
98053,Gtf2f1
68705,Gtf2f2
14884,Gtf2h1
23894,Gtf2h2
209357,Gtf2h3
14885,Gtf2h4
14886,Gtf2i
57080,Gtf2ird1
66596,Gtf3a
233863,Gtf3c1
71752,Gtf3c2
98488,Gtf3c3
269252,Gtf3c4
70239,Gtf3c5
74533,Gzf1
14958,H1f0
243529,H1fx
56541,Habp4
15110,Hand1
15111,Hand2
171285,Havcr2
23897,Hax1
73389,Hbp1
15161,Hcfc1
15163,Hcls1
433759,Hdac1
170787,Hdac10
232232,Hdac11
15182,Hdac2
15183,Hdac3
208727,Hdac4
15184,Hdac5
56233,Hdac7
70315,Hdac8
79221,Hdac9
15191,Hdgf
15193,Hdgfrp2
245596,Hdx
78455,Helz
15205,Hes1
15206,Hes2
55927,Hes6
84653,Hes7
15209,Hesx1
192231,Hexim1
15213,Hey1
15214,Hey2
56198,Heyl
15242,Hhex
15248,Hic1
58180,Hic2
15251,Hif1a
319594,Hif1an
53417,Hif3a
15260,Hira
56702,Hist1h1b
50708,Hist1h1c
14957,Hist1h1d
50709,Hist1h1e
107970,Hist1h1t
319178,Hist1h2bb
319182,Hist1h2bh
319188,Hist1h2bp
78303,Hist3h2ba
110521,Hivep1
15273,Hivep2
16656,Hivep3
217082,Hlf
20585,Hltf
15284,Hlx
219150,Hmbox1
66867,Hmg20a
15353,Hmg20b
15361,Hmga1
15364,Hmga2
97165,Hmgb2
70823,Hmgb2l1
15354,Hmgb3
69317,Hmgb4
94353,Hmgn3
15371,Hmx1
21405,Hnf1a
21410,Hnf1b
15378,Hnf4a
30942,Hnf4g
15384,Hnrnpab
11991,Hnrnpd
15387,Hnrnpk
74326,Hnrnpr
232989,Hnrnpul1
239099,Homez
74318,Hopx
15394,Hoxa1
15395,Hoxa10
15396,Hoxa11
15398,Hoxa13
15399,Hoxa2
15400,Hoxa3
15401,Hoxa4
15402,Hoxa5
15403,Hoxa6
15404,Hoxa7
15405,Hoxa9
15407,Hoxb1
15408,Hoxb13
103889,Hoxb2
15410,Hoxb3
15412,Hoxb4
15413,Hoxb5
15414,Hoxb6
15415,Hoxb7
15416,Hoxb8
15417,Hoxb9
209448,Hoxc10
109663,Hoxc11
15421,Hoxc12
15422,Hoxc13
15423,Hoxc4
15424,Hoxc5
15425,Hoxc6
15426,Hoxc8
15429,Hoxd1
15430,Hoxd10
15431,Hoxd11
15432,Hoxd12
15433,Hoxd13
15434,Hoxd3
15436,Hoxd4
15437,Hoxd8
15438,Hoxd9
15460,Hr
68196,Hsbp1
15500,Hsf2
74377,Hsf2bp
26386,Hsf4
71066,Hsfy2
53415,Htatip2
72459,Htatsf1
15194,Htt
15901,Id1
15902,Id2
15903,Id3
15904,Id4
15951,Ifi204
20589,Ighmbp2
16150,Ikbkb
16151,Ikbkg
22778,Ikzf1
22779,Ikzf2
22780,Ikzf3
67781,Ilf2
16201,Ilf3
26356,Ing1
69260,Ing2
71777,Ing3
28019,Ing4
53626,Insm1
56856,Insm2
71793,Ints12
16362,Irf1
16363,Irf2
272359,Irf2bp1
54131,Irf3
16364,Irf4
27056,Irf5
54139,Irf6
54123,Irf7
15900,Irf8
16391,Irf9
16371,Irx1
16372,Irx2
16373,Irx3
50916,Irx4
54352,Irx5
64379,Irx6
16392,Isl1
104360,Isl2
117198,Ivns1abp
214899,Jarid1a
75605,Jarid1b
20591,Jarid1c
20592,Jarid1d
16468,Jarid2
231986,Jazf1
81703,Jdp2
108829,Jmjd1c
230674,Jmjd2a
193796,Jmjd2b
76804,Jmjd2c
57748,Jmy
16469,Jrk
16476,Jun
16477,Junb
16478,Jund
235041,Kank2
18519,Kat2b
81601,Kat5
56461,Kcnip3
20218,Khdrbs1
170771,Khdrbs2
16596,Klf1
21847,Klf10
194655,Klf11
16597,Klf12
50794,Klf13
619665,Klf14
66277,Klf15
118445,Klf16
16598,Klf2
16599,Klf3
16600,Klf4
12224,Klf5
23849,Klf6
93691,Klf7
245671,Klf8
16601,Klf9
208628,Kntc1
77827,Krba1
241764,L3mbtl
214669,L3mbtl2
237339,L3mbtl3
76893,Lass2
545975,Lass3
67260,Lass4
71949,Lass5
16814,Lbx1
212391,Lcor
16825,Ldb1
16826,Ldb2
16842,Lef1
16869,Lhx1
16870,Lhx2
16871,Lhx3
16872,Lhx4
16873,Lhx5
16874,Lhx6
16876,Lhx9
29806,Limd1
83557,Lin28
109594,Lmo1
16909,Lmo2
109593,Lmo3
16911,Lmo4
110648,Lmx1a
16917,Lmx1b
100039489,LOC100039489
100040944,LOC100040944
100041034,LOC100041034
100043597,LOC100043597
100130086,LOC100130086
100132235,LOC100132235
642255,LOC642255
642558,LOC642558
728198,LOC728198
728410,LOC728410
728849,LOC728849
17095,Lyl1
66863,Lztr1
211134,Lzts1
17132,Maf
68877,Maf1
378435,Mafa
16658,Mafb
17133,Maff
17134,Mafg
17135,Mafk
103806,Maml1
433586,Maml3
17184,Matr3
17187,Max
17188,Maz
17190,Mbd1
17191,Mbd2
17192,Mbd3
73503,Mbd3l1
17216,Mcm2
17215,Mcm3
17217,Mcm4
17218,Mcm5
17219,Mcm6
17220,Mcm7
66634,Mcm8
71567,Mcm9
17248,Mdm4
17251,Mds1
17257,Mecp2
19014,Med1
59024,Med12
327987,Med13
26896,Med14
94112,Med15
216154,Med16
234959,Med17
56771,Med20
108098,Med21
70208,Med23
70625,Med26
68975,Med27
69790,Med30
67279,Med31
67381,Med4
69792,Med6
80509,Med8
17258,Mef2a
17259,Mef2b
17260,Mef2c
17261,Mef2d
17268,Meis1
17536,Meis2
17537,Meis3
17283,Men1
17285,Meox1
17286,Meox2
17342,Mitf
27217,Mixl1
102423,Mizf
67949,Mki67ip
223701,Mkl1
239719,Mkl2
210719,Mkx
214162,Mll1
381022,Mll2
231051,Mll3
64144,Mllt1
17354,Mllt10
70122,Mllt3
246198,Mllt6
21428,Mlx
208104,Mlxip
58805,Mlxipl
72199,Mms19
17428,Mnt
15285,Mnx1
75339,Mphosph8
17681,Msc
17692,Msl31
17701,Msx1
17702,Msx2
116870,Mta1
23942,Mta2
116871,Mta3
17764,Mtf1
17765,Mtf2
17119,Mxd1
17121,Mxd3
17122,Mxd4
17859,Mxi1
17863,Myb
18432,Mybbp1a
17864,Mybl1
17865,Mybl2
17869,Myc
56309,Mycbp
16918,Mycl1
18109,Mycn
17876,Myef2
17877,Myf5
17878,Myf6
80732,Mynn
214384,Myocd
17927,Myod1
17928,Myog
217127,Myst2
244349,Myst3
17932,Myt1
17933,Myt1l
109889,Mzf1
17936,Nab1
17937,Nab2
71950,Nanog
17954,Nap1l2
54561,Nap1l3
17955,Nap1l4
74838,Narg1
17977,Ncoa1
17978,Ncoa2
17979,Ncoa3
27057,Ncoa4
228869,Ncoa5
56406,Ncoa6
20185,Ncor1
20602,Ncor2
17984,Ndn
66647,Ndnl2
382913,Neil2
18012,Neurod1
18013,Neurod2
11923,Neurod4
11922,Neurod6
18014,Neurog1
11924,Neurog2
11925,Neurog3
54446,Nfat5
18018,Nfatc1
18019,Nfatc2
18021,Nfatc3
73181,Nfatc4
18022,Nfe2
18023,Nfe2l1
18024,Nfe2l2
18025,Nfe2l3
18027,Nfia
18028,Nfib
18029,Nfic
18030,Nfil3
18032,Nfix
18033,Nfkb1
18034,Nfkb2
18035,Nfkbia
18036,Nfkbib
18038,Nfkbil1
72749,Nfkbil2
80859,Nfkbiz
235134,Nfrkb
74164,Nfx1
100978,Nfxl1
18044,Nfya
18045,Nfyb
18046,Nfyc
18071,Nhlh1
18072,Nhlh2
72293,Nkd2
77286,Nkrf
21869,Nkx2-1
18088,Nkx2-2
18089,Nkx2-3
18091,Nkx2-5
18094,Nkx2-9
18095,Nkx3-1
12020,Nkx3-2
18096,Nkx6-1
14912,Nkx6-2
18103,Nme2
64685,Nmi
53610,Nono
18129,Notch2
18131,Notch3
18132,Notch4
18142,Npas1
18143,Npas2
27386,Npas3
328440,Npm2
11614,Nr0b1
23957,Nr0b2
217166,Nr1d1
353187,Nr1d2
22260,Nr1h2
22259,Nr1h3
20186,Nr1h4
18171,Nr1i2
12355,Nr1i3
22025,Nr2c1
22026,Nr2c2
21907,Nr2e1
23958,Nr2e3
13865,Nr2f1
11819,Nr2f2
13864,Nr2f6
14815,Nr3c1
110784,Nr3c2
15370,Nr4a1
18227,Nr4a2
18124,Nr4a3
26423,Nr5a1
26424,Nr5a2
641340,Nrbf2
18181,Nrf1
268903,Nrip1
18185,Nrl
50887,Nsbp1
18193,Nsd1
56312,Nupr1
50914,Olig1
50913,Olig2
94222,Olig3
15379,Onecut1
225631,Onecut2
18393,Orc2l
544922,OTTMUSG00000000421
622480,OTTMUSG00000009522
665001,OTTMUSG00000016543
620790,OTTMUSG00000016626
18423,Otx1
18424,Otx2
18426,Ovol1
107586,Ovol2
18813,Pa2g4
18789,Papola
56522,Papolb
216578,Papolg
74108,Parn
11545,Parp1
56218,Patz1
114774,Pawr
18503,Pax1
18504,Pax2
18505,Pax3
18506,Pax4
18507,Pax5
18508,Pax6
18509,Pax7
18510,Pax8
18511,Pax9
66923,Pbrm1
18514,Pbx1
18515,Pbx2
18516,Pbx3
80720,Pbx4
229534,Pbxip1
13180,Pcbd1
72562,Pcbd2
22658,Pcgf2
71041,Pcgf6
18572,Pdcd11
54132,Pdlim1
30794,Pdlim4
18609,Pdx1
18616,Peg3
18626,Per1
18627,Per2
18628,Per3
18667,Pgr
12034,Phb2
21652,Phf1
72057,Phf10
268448,Phf12
230936,Phf13
75725,Phf14
76901,Phf15
382207,Phf16
269424,Phf17
74016,Phf19
18676,Phf2
228829,Phf20
271305,Phf21b
78246,Phf23
213109,Phf3
68479,Phf5a
70998,Phf6
71838,Phf7
320595,Phf8
11859,Phox2a
18935,Phox2b
18685,Phtf1
56469,Pias1
17344,Pias2
229615,Pias3
59004,Pias4
69656,Pir
18740,Pitx1
18741,Pitx2
18742,Pitx3
18771,Pknox1
208076,Pknox2
56711,Plag1
54711,Plagl2
53317,Plrg1
18854,Pml
227099,Pms1
18949,Pnn
71592,Pogk
64424,Polr1e
20020,Polr2a
231329,Polr2b
20021,Polr2c
69241,Polr2d
66420,Polr2e
69833,Polr2f
67710,Polr2g
245841,Polr2h
69920,Polr2i
20022,Polr2j
17749,Polr2k
218832,Polr3a
70428,Polr3b
74414,Polr3c
67065,Polr3d
26939,Polr3e
70408,Polr3f
78929,Polr3h
67005,Polr3k
18736,Pou1f1
18985,Pou2af1
18986,Pou2f1
18987,Pou2f2
18988,Pou2f3
18991,Pou3f1
18992,Pou3f2
18993,Pou3f3
18994,Pou3f4
18996,Pou4f1
18997,Pou4f2
18998,Pou4f3
18999,Pou5f1
75507,Pou5f2
19009,Pou6f1
218030,Pou6f2
19013,Ppara
19015,Ppard
19016,Pparg
19017,Ppargc1a
170826,Ppargc1b
54633,Pqbp1
12142,Prdm1
382066,Prdm10
381359,Prdm12
230025,Prdm13
383491,Prdm14
70673,Prdm16
110593,Prdm2
72843,Prdm4
70779,Prdm5
225518,Prdm6
77630,Prdm8
213389,Prdm9
50907,Preb
54630,Prickle3
19127,Prop1
19130,Prox1
19134,Prpf4b
18933,Prrx1
20204,Prrx2
101739,Psip1
19213,Ptf1a
19285,Ptrf
30939,Pttg1
19290,Pura
103136,Pwp1
72135,Pygo1
68911,Pygo2
19361,Rad51
19363,Rad51l1
19377,Rai1
75646,Rai14
19401,Rara
218772,Rarb
19411,Rarg
19434,Rax
19645,Rb1
57782,Rbak
19646,Rbbp4
245688,Rbbp7
24105,Rbck1
19650,Rbl1
19651,Rbl2
56275,Rbm14
229700,Rbm15
170791,Rbm39
67010,Rbm7
93686,Rbm9
19655,Rbmx
76572,Rbmxl2
19664,Rbpj
19668,Rbpjl
104383,Rcor2
27632,Rdbp
19696,Rel
19697,Rela
19698,Relb
68703,Rere
19712,Rest
227656,Rexo4
19687,Rfc1
19724,Rfx1
19725,Rfx2
19726,Rfx3
71137,Rfx4
53970,Rfx5
19727,Rfxank
170767,Rfxap
320995,Rfxdc1
319758,Rfxdc2
51791,Rgs14
19763,Ring1
109263,Rlf
19820,Rnf12
56736,Rnf14
67150,Rnf141
30945,Rnf19a
19821,Rnf2
19822,Rnf4
74132,Rnf6
19826,Rnps1
19883,Rora
225998,Rorb
19885,Rorc
20016,Rpo1-1
20017,Rpo1-2
20018,Rpo1-3
20019,Rpo1-4
68750,Rreb1
233532,Rsf1
12395,Runx1t1
12393,Runx2
12399,Runx3
56505,Ruvbl1
20174,Ruvbl2
20181,Rxra
20182,Rxrb
20183,Rxrg
56353,Rybp
224903,Safb
224902,Safb2
58198,Sall1
50524,Sall2
20689,Sall3
99377,Sall4
20220,Sap18
60406,Sap30
57230,Sap30bp
20230,Satb1
212712,Satb2
233208,Scaf1
19018,Scand1
29871,Scmh1
107815,Scml2
545474,Scrt2
67815,Sec14l2
55942,Sertad1
58172,Sertad2
170742,Sertad3
240427,Setbp1
22668,Sf1
70616,Sf4
54650,Sfmbt1
20375,Sfpi1
71514,Sfpq
110809,Sfrs1
234373,Sfrs14
53609,Sfrs16
20382,Sfrs2
20383,Sfrs3
20384,Sfrs5
67996,Sfrs6
231769,Sfrs8
108014,Sfrs9
20429,Shox2
268281,Shprh
20464,Sim1
20465,Sim2
20466,Sin3a
20467,Sin3b
93759,Sirt1
64383,Sirt2
64384,Sirt3
75387,Sirt4
68346,Sirt5
209011,Sirt7
20471,Six1
20472,Six2
20473,Six3
20474,Six4
20475,Six5
20476,Six6
20481,Ski
20482,Skil
77799,Sla2
17125,Smad1
17126,Smad2
17127,Smad3
17128,Smad4
17129,Smad5
17130,Smad6
17131,Smad7
55994,Smad9
93761,Smarca1
67155,Smarca2
20586,Smarca4
93762,Smarca5
13990,Smarcad1
20587,Smarcb1
20588,Smarcc1
68094,Smarcc2
83797,Smarcd1
83796,Smarcd2
66993,Smarcd3
57376,Smarce1
66313,Smurf2
12180,Smyd1
20613,Snai1
20583,Snai2
30927,Snai3
75627,Snapc1
102209,Snapc2
77634,Snapc3
227644,Snapc4
330959,Snapc5
56463,Snd1
76793,Snip1
20638,Snrpb
20641,Snrpd1
50817,Solh
20664,Sox1
20665,Sox10
20666,Sox11
20667,Sox12
20668,Sox13
20669,Sox14
20670,Sox15
20671,Sox17
20674,Sox2
223227,Sox21
20675,Sox3
214105,Sox30
20677,Sox4
20678,Sox5
20679,Sox6
20680,Sox7
20681,Sox8
20682,Sox9
20683,Sp1
434484,Sp140
78912,Sp2
20687,Sp3
20688,Sp4
170574,Sp7
320145,Sp8
30051,Spdef
56381,Spen
272382,Spib
20728,Spic
26972,Spo11
79401,Spz1
20787,Srebf1
20788,Srebf2
20807,Srf
51796,Srrm1
21674,Sry
269397,Ss18l1
20823,Ssb
66970,Ssbp2
72475,Ssbp3
76900,Ssbp4
20833,Ssrp1
6757,SSX2
727837,SSX2B
387132,Ssxb2
387131,Ssxb9
240690,St18
20846,Stat1
20847,Stat2
20848,Stat3
20849,Stat4
20850,Stat5a
20851,Stat5b
20852,Stat6
20024,Sub1
24069,Sufu
114741,Supt16h
109115,Supt3h
20922,Supt4h1
20924,Supt5h
20926,Supt6h
72195,Supt7l
64707,Suv39h2
52615,Suz12
20997,T
217031,Tada2l
101206,Tada3l
270627,Taf1
24075,Taf10
68776,Taf11
66464,Taf12
99730,Taf13
70439,Taf15
21339,Taf1a
21340,Taf1b
21341,Taf1c
228980,Taf4a
72504,Taf4b
226182,Taf5
102162,Taf5l
21343,Taf6
225895,Taf6l
24074,Taf7
108143,Taf9
21349,Tal1
21350,Tal2
21357,Tarbp2
230908,Tardbp
76281,Tax1bp3
223754,Tbc1d22a
67016,Tbc1d2b
21372,Tbl1x
21374,Tbp
237336,Tbpl1
21375,Tbr1
21380,Tbx1
109575,Tbx10
21384,Tbx15
76365,Tbx18
83993,Tbx19
21385,Tbx2
57246,Tbx20
57765,Tbx21
245572,Tbx22
21386,Tbx3
21387,Tbx4
21388,Tbx5
21389,Tbx6
21399,Tcea1
21400,Tcea2
21401,Tcea3
237052,Tceal1
67923,Tceb1
67673,Tceb2
27224,Tceb3
653420,TCEB3CL2
56070,Tcerg1
21406,Tcf12
21407,Tcf15
106795,Tcf19
21411,Tcf20
21412,Tcf21
21415,Tcf3
21413,Tcf4
21414,Tcf7
21416,Tcf7l2
21418,Tcfap2a
21419,Tcfap2b
21420,Tcfap2c
226896,Tcfap2d
332937,Tcfap2e
83383,Tcfap4
21422,Tcfcp2
81879,Tcfcp2l1
21423,Tcfe2a
209446,Tcfe3
21425,Tcfeb
21426,Tcfec
277353,Tcfl5
21453,Tcof1
21676,Tead1
21677,Tead2
21678,Tead3
21679,Tead4
21685,Tef
21781,Tfdp1
211586,Tfdp2
69714,Tfpt
21804,Tgfb1i1
21815,Tgif1
228839,Tgif2
245583,Tgif2lx
57314,Th1l
69009,Thap7
21681,Thoc4
21833,Thra
230753,Thrap3
21834,Thrb
21843,Tial1
403175,Tigd4
21853,Timeless
21885,Tle1
21886,Tle2
21887,Tle3
114606,Tle6
21908,Tlx1
21909,Tlx2
27140,Tlx3
232286,Tmf1
21929,Tnfaip3
78784,Tnrc4
22057,Tob1
68276,Toe1
21974,Top2b
106021,Topors
252838,Tox
269389,Tox2
244579,Tox3
268741,Tox4
224829,Trerf1
228775,Trib3
69097,Trim15
94092,Trim16
20821,Trim21
21848,Trim24
217069,Trim25
19720,Trim27
21849,Trim28
224762,Trim31
69807,Trim32
94093,Trim33
109181,Trip11
69716,Trip13
56404,Trip4
22051,Trip6
22059,Trp53
27223,Trp53bp1
22061,Trp63
22062,Trp73
83925,Trps1
100683,Trrap
21807,Tsc22d1
72033,Tsc22d2
14605,Tsc22d3
78829,Tsc22d4
22088,Tsg101
110796,Tshz1
228911,Tshz2
243931,Tshz3
74044,Ttf2
22158,Tulp3
68842,Tulp4
22160,Twist1
53323,Ube2k
170644,Ubn1
22221,Ubp1
21429,Ubtf
20184,Uimc1
19704,Upf1
22278,Usf1
22282,Usf2
22286,Utf1
22326,Vax1
24113,Vax2
353513,VCY1B
22337,Vdr
22344,Vezf1
170828,Vgll1
215031,Vgll2
22346,Vhl
114889,Vsx1
12677,Vsx2
60321,Wbp11
75410,Wbp7
218973,Wdhd1
107823,Whsc1
234135,Whsc1l1
24116,Whsc2
22431,Wt1
107568,Wwp1
97064,Wwtr1
67439,Xab2
22433,Xbp1
22591,Xpc
74335,Xrcc3
22596,Xrcc5
14375,Xrcc6
67057,Yaf2
22608,Ybx1
53422,Ybx2
208146,Yeats2
64050,Yeats4
231386,Ythdc1
22632,Yy1
268564,Zbtb1
229055,Zbtb10
271377,Zbtb11
193736,Zbtb12
235320,Zbtb16
22642,Zbtb17
381990,Zbtb2
56490,Zbtb20
81630,Zbtb22
268294,Zbtb24
109929,Zbtb25
320633,Zbtb26
75291,Zbtb3
58206,Zbtb32
56805,Zbtb33
241311,Zbtb34
245007,Zbtb38
320080,Zbtb39
230848,Zbtb40
71834,Zbtb43
232879,Zbtb45
100090,Zbtb48
230119,Zbtb5
241322,Zbtb6
16969,Zbtb7a
22724,Zbtb7b
474156,Zbtb9
243983,Zdhhc13
108672,Zdhhc15
74168,Zdhhc16
70546,Zdhhc2
68268,Zdhhc21
66980,Zdhhc6
102193,Zdhhc7
208884,Zdhhc9
21417,Zeb1
24136,Zeb2
239102,Zfhx2
11906,Zfhx3
18139,Zfml
22640,Zfp1
22646,Zfp105
22648,Zfp11
65020,Zfp110
56707,Zfp111
57745,Zfp112
56314,Zfp113
231866,Zfp12
243833,Zfp128
22654,Zfp13
72465,Zfp131
243906,Zfp14
77264,Zfp142
20841,Zfp143
26465,Zfp146
22661,Zfp148
72154,Zfp157
224585,Zfp160
22666,Zfp161
67911,Zfp169
385674,Zfp174
210135,Zfp180
319535,Zfp182
193452,Zfp184
432731,Zfp187
230162,Zfp189
59057,Zfp191
93681,Zfp192
22678,Zfp2
80902,Zfp202
22680,Zfp207
232784,Zfp212
449521,Zfp213
228913,Zfp217
69890,Zfp219
56525,Zfp235
329002,Zfp236
30928,Zfp238
22685,Zfp239
72720,Zfp248
71591,Zfp251
22688,Zfp26
74120,Zfp263
22689,Zfp27
212569,Zfp273
27081,Zfp275
57247,Zfp276
246196,Zfp277
22690,Zfp28
64453,Zfp280b
226442,Zfp281
101095,Zfp282
192651,Zfp286
170740,Zfp287
30046,Zfp292
114565,Zfp295
63872,Zfp296
22693,Zfp30
245368,Zfp300
244713,Zfp317
79233,Zfp319
243834,Zfp324
54367,Zfp326
228876,Zfp334
329559,Zfp335
228807,Zfp341
21408,Zfp354a
27274,Zfp354b
30944,Zfp354c
140482,Zfp358
22695,Zfp36
238803,Zfp366
12192,Zfp36l1
12193,Zfp36l2
22696,Zfp37
233060,Zfp382
269800,Zfp384
29813,Zfp385a
272347,Zfp398
240476,Zfp407
381410,Zfp408
22701,Zfp41
52708,Zfp410
232854,Zfp418
22702,Zfp42
67255,Zfp422
94187,Zfp423
235028,Zfp426
72667,Zfp444
235682,Zfp445
269870,Zfp446
78619,Zfp449
98403,Zfp451
237758,Zfp454
431706,Zfp457
238690,Zfp458
22704,Zfp46
242466,Zfp462
68910,Zfp467
243963,Zfp473
382867,Zfp488
668501,zfp507
22709,Zfp51
269639,Zfp512
101023,Zfp513
224656,Zfp523
66056,Zfp524
619331,Zfp551
233887,Zfp553
72230,Zfp558
434377,Zfp560
240068,Zfp563
72556,Zfp566
22715,Zfp57
68992,Zfp580
213011,Zfp583
233410,Zfp592
68040,Zfp593
218314,Zfp595
71063,Zfp597
67370,Zfp606
234725,Zfp612
70227,Zfp619
22720,Zfp62
78834,Zfp623
232337,Zfp637
67778,Zfp639
22722,Zfp64
239652,Zfp641
52397,Zfp644
233905,Zfp646
239546,Zfp647
319601,Zfp653
72611,Zfp655
72180,Zfp661
210503,Zfp677
69234,Zfp688
71131,Zfp689
223669,Zfp7
69020,Zfp707
432769,Zfp708
236193,Zfp709
245595,Zfp711
78251,Zfp712
78251,Zfp712
69930,Zfp715
240034,Zfp760
233893,Zfp764
233890,Zfp768
330463,Zfp78
330301,Zfp786
330502,Zfp82
235956,Zfp825
74352,Zfp84
22750,Zfp9
22751,Zfp90
109910,Zfp91
81909,Zfpl1
22761,Zfpm1
22762,Zfpm2
22764,Zfx
22770,Zhx1
387609,Zhx2
320799,Zhx3
22771,Zic1
22772,Zic2
22773,Zic3
74570,Zkscan1
67235,Zkscan14
100041581,Zkscan16
268417,Zkscan17
72739,Zkscan3
22757,Zkscan5
52712,Zkscan6
76007,Zmym2
66505,Zmynd11
147687,ZNF417
269401,Znf512b
374928,ZNF773
98999,Znfx1
448850,Znhit3
66136,Znrd1
53861,Zranb2
332221,Zscan10
232875,Zscan18
22691,Zscan2
22697,Zscan21
232878,Zscan22
212168,Zswim4
108946,Zzz3